{
  "count": 43,
  "uniques": 15,
  "clones": [
    {
      "timestamp": "2022-11-16T00:00:00Z",
      "count": 1,
      "uniques": 1
    },
    {
      "timestamp": "2022-11-21T00:00:00Z",
      "count": 8,
      "uniques": 3
    },
    {
      "timestamp": "2022-11-22T00:00:00Z",
      "count": 4,
      "uniques": 2
    },
    {
      "timestamp": "2022-11-23T00:00:00Z",
      "count": 17,
      "uniques": 4
    },
    {
      "timestamp": "2022-11-24T00:00:00Z",
      "count": 6,
      "uniques": 3
    },
    {
      "timestamp": "2022-11-26T00:00:00Z",
      "count": 3,
      "uniques": 2
    },
    {
      "timestamp": "2022-11-28T00:00:00Z",
      "count": 2,
      "uniques": 2
    },
    {
      "timestamp": "2022-11-29T00:00:00Z",
      "count": 2,
      "uniques": 1
    }
  ]
}
