[
  {
    "path": "/BoothGroup/Vayesta",
    "title": "GitHub - BoothGroup/Vayesta: A Python package for wave function-based quantum...",
    "count": 41,
    "uniques": 11
  },
  {
    "path": "/BoothGroup/Vayesta/pulls",
    "title": "Pull requests · BoothGroup/Vayesta",
    "count": 26,
    "uniques": 2
  },
  {
    "path": "/BoothGroup/Vayesta/pull/69",
    "title": "Added to_cisdtq functionality to RFCI wave function types for extract… by ghb...",
    "count": 25,
    "uniques": 3
  },
  {
    "path": "/BoothGroup/Vayesta/pull/65",
    "title": "V1.0.2 by maxnus · Pull Request #65 · BoothGroup/Vayesta",
    "count": 10,
    "uniques": 1
  },
  {
    "path": "/BoothGroup/Vayesta/commit/975703eee09bc9c1924327f1fa166f9755a1a412",
    "title": "Fixes embedding.check_fragment_symmetry · BoothGroup/Vayesta@975703e · GitHub",
    "count": 5,
    "uniques": 3
  },
  {
    "path": "/BoothGroup/Vayesta/commit/3ef2cbf14bd43324eb24bb89c96be14ddb58b83f",
    "title": "Adds auxiliary fragment option · BoothGroup/Vayesta@3ef2cbf · GitHub",
    "count": 5,
    "uniques": 2
  },
  {
    "path": "/BoothGroup/Vayesta/tree/master/docs/source",
    "title": "Vayesta/docs/source at master · BoothGroup/Vayesta",
    "count": 5,
    "uniques": 1
  },
  {
    "path": "/BoothGroup/Vayesta/tree/master/docs/source/quickstart",
    "title": "Vayesta/docs/source/quickstart at master · BoothGroup/Vayesta",
    "count": 5,
    "uniques": 1
  },
  {
    "path": "/BoothGroup/Vayesta/tree/master/docs/source/quickstart/figures",
    "title": "Vayesta/docs/source/quickstart/figures at master · BoothGroup/Vayesta",
    "count": 5,
    "uniques": 1
  },
  {
    "path": "/BoothGroup/Vayesta/pull/69/files",
    "title": "Added to_cisdtq functionality to RFCI wave function types for extract… by ghb...",
    "count": 4,
    "uniques": 1
  }
]
