{
  "count": 253,
  "uniques": 23,
  "views": [
    {
      "timestamp": "2022-11-16T00:00:00Z",
      "count": 6,
      "uniques": 1
    },
    {
      "timestamp": "2022-11-17T00:00:00Z",
      "count": 11,
      "uniques": 3
    },
    {
      "timestamp": "2022-11-18T00:00:00Z",
      "count": 3,
      "uniques": 3
    },
    {
      "timestamp": "2022-11-20T00:00:00Z",
      "count": 2,
      "uniques": 2
    },
    {
      "timestamp": "2022-11-21T00:00:00Z",
      "count": 9,
      "uniques": 5
    },
    {
      "timestamp": "2022-11-22T00:00:00Z",
      "count": 41,
      "uniques": 4
    },
    {
      "timestamp": "2022-11-23T00:00:00Z",
      "count": 51,
      "uniques": 5
    },
    {
      "timestamp": "2022-11-24T00:00:00Z",
      "count": 47,
      "uniques": 6
    },
    {
      "timestamp": "2022-11-25T00:00:00Z",
      "count": 44,
      "uniques": 3
    },
    {
      "timestamp": "2022-11-26T00:00:00Z",
      "count": 1,
      "uniques": 1
    },
    {
      "timestamp": "2022-11-28T00:00:00Z",
      "count": 9,
      "uniques": 2
    },
    {
      "timestamp": "2022-11-29T00:00:00Z",
      "count": 29,
      "uniques": 6
    }
  ]
}
