{
  "count": 178,
  "uniques": 17,
  "clones": [
    {
      "timestamp": "2023-05-16T00:00:00Z",
      "count": 11,
      "uniques": 6
    },
    {
      "timestamp": "2023-05-17T00:00:00Z",
      "count": 7,
      "uniques": 2
    },
    {
      "timestamp": "2023-05-18T00:00:00Z",
      "count": 5,
      "uniques": 2
    },
    {
      "timestamp": "2023-05-19T00:00:00Z",
      "count": 6,
      "uniques": 3
    },
    {
      "timestamp": "2023-05-20T00:00:00Z",
      "count": 10,
      "uniques": 5
    },
    {
      "timestamp": "2023-05-21T00:00:00Z",
      "count": 6,
      "uniques": 2
    },
    {
      "timestamp": "2023-05-22T00:00:00Z",
      "count": 6,
      "uniques": 3
    },
    {
      "timestamp": "2023-05-23T00:00:00Z",
      "count": 8,
      "uniques": 5
    },
    {
      "timestamp": "2023-05-24T00:00:00Z",
      "count": 16,
      "uniques": 1
    },
    {
      "timestamp": "2023-05-25T00:00:00Z",
      "count": 57,
      "uniques": 2
    },
    {
      "timestamp": "2023-05-26T00:00:00Z",
      "count": 26,
      "uniques": 3
    },
    {
      "timestamp": "2023-05-27T00:00:00Z",
      "count": 6,
      "uniques": 3
    },
    {
      "timestamp": "2023-05-28T00:00:00Z",
      "count": 8,
      "uniques": 1
    },
    {
      "timestamp": "2023-05-29T00:00:00Z",
      "count": 6,
      "uniques": 3
    }
  ]
}
