[
  {
    "path": "/BoothGroup/Vayesta",
    "title": "GitHub - BoothGroup/Vayesta: A Python package for wave function-based quantum...",
    "count": 114,
    "uniques": 23
  },
  {
    "path": "/BoothGroup/Vayesta/pulls",
    "title": "Pull requests · BoothGroup/Vayesta",
    "count": 114,
    "uniques": 4
  },
  {
    "path": "/BoothGroup/Vayesta/issues",
    "title": "Issues · BoothGroup/Vayesta · GitHub",
    "count": 43,
    "uniques": 6
  },
  {
    "path": "/BoothGroup/Vayesta/pull/96",
    "title": "Import cleaning by obackhouse · Pull Request #96 · BoothGroup/Vayesta",
    "count": 36,
    "uniques": 5
  },
  {
    "path": "/BoothGroup/Vayesta/tree/master/vayesta",
    "title": "Vayesta/vayesta at master · BoothGroup/Vayesta · GitHub",
    "count": 35,
    "uniques": 8
  },
  {
    "path": "/BoothGroup/Vayesta/tree/master/vayesta/core",
    "title": "Vayesta/vayesta/core at master · BoothGroup/Vayesta · GitHub",
    "count": 27,
    "uniques": 7
  },
  {
    "path": "/BoothGroup/Vayesta/issues/91",
    "title": "SCMF test failures · Issue #91 · BoothGroup/Vayesta",
    "count": 27,
    "uniques": 4
  },
  {
    "path": "/BoothGroup/Vayesta/pull/92",
    "title": "Solver update by cjcscott · Pull Request #92 · BoothGroup/Vayesta",
    "count": 27,
    "uniques": 4
  },
  {
    "path": "/BoothGroup/Vayesta/pull/98",
    "title": "Deleting old files and commented code by maxnus · Pull Request #98 · BoothGro...",
    "count": 20,
    "uniques": 4
  },
  {
    "path": "/BoothGroup/Vayesta/pull/95",
    "title": "Deprecation and cleanup by obackhouse · Pull Request #95 · BoothGroup/Vayesta",
    "count": 19,
    "uniques": 4
  }
]
