{
  "count": 1032,
  "uniques": 30,
  "views": [
    {
      "timestamp": "2023-05-16T00:00:00Z",
      "count": 22,
      "uniques": 3
    },
    {
      "timestamp": "2023-05-17T00:00:00Z",
      "count": 76,
      "uniques": 8
    },
    {
      "timestamp": "2023-05-18T00:00:00Z",
      "count": 56,
      "uniques": 2
    },
    {
      "timestamp": "2023-05-19T00:00:00Z",
      "count": 31,
      "uniques": 4
    },
    {
      "timestamp": "2023-05-20T00:00:00Z",
      "count": 3,
      "uniques": 1
    },
    {
      "timestamp": "2023-05-21T00:00:00Z",
      "count": 3,
      "uniques": 1
    },
    {
      "timestamp": "2023-05-22T00:00:00Z",
      "count": 86,
      "uniques": 6
    },
    {
      "timestamp": "2023-05-23T00:00:00Z",
      "count": 92,
      "uniques": 7
    },
    {
      "timestamp": "2023-05-24T00:00:00Z",
      "count": 70,
      "uniques": 8
    },
    {
      "timestamp": "2023-05-25T00:00:00Z",
      "count": 317,
      "uniques": 7
    },
    {
      "timestamp": "2023-05-26T00:00:00Z",
      "count": 218,
      "uniques": 8
    },
    {
      "timestamp": "2023-05-27T00:00:00Z",
      "count": 20,
      "uniques": 2
    },
    {
      "timestamp": "2023-05-28T00:00:00Z",
      "count": 37,
      "uniques": 3
    },
    {
      "timestamp": "2023-05-29T00:00:00Z",
      "count": 1,
      "uniques": 1
    }
  ]
}
