{
  "count": 85,
  "uniques": 14,
  "clones": [
    {
      "timestamp": "2022-12-01T00:00:00Z",
      "count": 5,
      "uniques": 2
    },
    {
      "timestamp": "2022-12-02T00:00:00Z",
      "count": 8,
      "uniques": 3
    },
    {
      "timestamp": "2022-12-03T00:00:00Z",
      "count": 5,
      "uniques": 1
    },
    {
      "timestamp": "2022-12-04T00:00:00Z",
      "count": 6,
      "uniques": 2
    },
    {
      "timestamp": "2022-12-05T00:00:00Z",
      "count": 6,
      "uniques": 2
    },
    {
      "timestamp": "2022-12-06T00:00:00Z",
      "count": 8,
      "uniques": 3
    },
    {
      "timestamp": "2022-12-07T00:00:00Z",
      "count": 11,
      "uniques": 5
    },
    {
      "timestamp": "2022-12-08T00:00:00Z",
      "count": 5,
      "uniques": 1
    },
    {
      "timestamp": "2022-12-09T00:00:00Z",
      "count": 5,
      "uniques": 1
    },
    {
      "timestamp": "2022-12-10T00:00:00Z",
      "count": 6,
      "uniques": 2
    },
    {
      "timestamp": "2022-12-11T00:00:00Z",
      "count": 5,
      "uniques": 1
    },
    {
      "timestamp": "2022-12-12T00:00:00Z",
      "count": 5,
      "uniques": 1
    },
    {
      "timestamp": "2022-12-13T00:00:00Z",
      "count": 6,
      "uniques": 3
    },
    {
      "timestamp": "2022-12-14T00:00:00Z",
      "count": 4,
      "uniques": 1
    }
  ]
}
