[
  {
    "path": "/BoothGroup/Vayesta",
    "title": "GitHub - BoothGroup/Vayesta: A Python package for wave function-based quantum...",
    "count": 43,
    "uniques": 14
  },
  {
    "path": "/BoothGroup/Vayesta/pulls",
    "title": "Pull requests · BoothGroup/Vayesta · GitHub",
    "count": 16,
    "uniques": 5
  },
  {
    "path": "/BoothGroup/Vayesta/actions/workflows/ci.yaml",
    "title": "Actions · BoothGroup/Vayesta",
    "count": 11,
    "uniques": 3
  },
  {
    "path": "/BoothGroup/Vayesta/actions",
    "title": "Actions · BoothGroup/Vayesta",
    "count": 9,
    "uniques": 2
  },
  {
    "path": "/BoothGroup/Vayesta/tree/master/vayesta",
    "title": "Vayesta/vayesta at master · BoothGroup/Vayesta · GitHub",
    "count": 7,
    "uniques": 4
  },
  {
    "path": "/BoothGroup/Vayesta/compare/master...Algorithmiq:Vayesta:master",
    "title": "Comparing BoothGroup:master...Algorithmiq:master · BoothGroup/Vayesta",
    "count": 7,
    "uniques": 1
  },
  {
    "path": "/BoothGroup/Vayesta/tree/master/.github/workflows",
    "title": "Vayesta/.github/workflows at master · BoothGroup/Vayesta",
    "count": 7,
    "uniques": 1
  },
  {
    "path": "/BoothGroup/Vayesta/search",
    "title": "Search · dump · GitHub",
    "count": 4,
    "uniques": 3
  },
  {
    "path": "/BoothGroup/Vayesta/blob/7505c05430a5f1a2746ad9fda7fa42b9c7ede75f/vayesta/core/qemb/rdm.py",
    "title": "Vayesta/rdm.py at 7505c05430a5f1a2746ad9fda7fa42b9c7ede75f · BoothGroup/Vayes...",
    "count": 4,
    "uniques": 1
  },
  {
    "path": "/BoothGroup/Vayesta/pull/70",
    "title": "Enable nightly testing by obackhouse · Pull Request #70 · BoothGroup/Vayesta",
    "count": 4,
    "uniques": 1
  }
]
