{
  "count": 203,
  "uniques": 17,
  "views": [
    {
      "timestamp": "2022-11-30T00:00:00Z",
      "count": 14,
      "uniques": 2
    },
    {
      "timestamp": "2022-12-01T00:00:00Z",
      "count": 86,
      "uniques": 5
    },
    {
      "timestamp": "2022-12-02T00:00:00Z",
      "count": 14,
      "uniques": 4
    },
    {
      "timestamp": "2022-12-03T00:00:00Z",
      "count": 3,
      "uniques": 1
    },
    {
      "timestamp": "2022-12-04T00:00:00Z",
      "count": 3,
      "uniques": 1
    },
    {
      "timestamp": "2022-12-05T00:00:00Z",
      "count": 1,
      "uniques": 1
    },
    {
      "timestamp": "2022-12-07T00:00:00Z",
      "count": 12,
      "uniques": 5
    },
    {
      "timestamp": "2022-12-08T00:00:00Z",
      "count": 49,
      "uniques": 6
    },
    {
      "timestamp": "2022-12-09T00:00:00Z",
      "count": 5,
      "uniques": 2
    },
    {
      "timestamp": "2022-12-10T00:00:00Z",
      "count": 3,
      "uniques": 1
    },
    {
      "timestamp": "2022-12-12T00:00:00Z",
      "count": 8,
      "uniques": 3
    },
    {
      "timestamp": "2022-12-13T00:00:00Z",
      "count": 5,
      "uniques": 1
    }
  ]
}
