{
  "count": 303,
  "uniques": 23,
  "clones": [
    {
      "timestamp": "2023-05-31T00:00:00Z",
      "count": 5,
      "uniques": 2
    },
    {
      "timestamp": "2023-06-01T00:00:00Z",
      "count": 8,
      "uniques": 4
    },
    {
      "timestamp": "2023-06-02T00:00:00Z",
      "count": 97,
      "uniques": 4
    },
    {
      "timestamp": "2023-06-03T00:00:00Z",
      "count": 37,
      "uniques": 5
    },
    {
      "timestamp": "2023-06-04T00:00:00Z",
      "count": 4,
      "uniques": 1
    },
    {
      "timestamp": "2023-06-05T00:00:00Z",
      "count": 18,
      "uniques": 4
    },
    {
      "timestamp": "2023-06-06T00:00:00Z",
      "count": 16,
      "uniques": 2
    },
    {
      "timestamp": "2023-06-07T00:00:00Z",
      "count": 5,
      "uniques": 2
    },
    {
      "timestamp": "2023-06-08T00:00:00Z",
      "count": 5,
      "uniques": 2
    },
    {
      "timestamp": "2023-06-09T00:00:00Z",
      "count": 31,
      "uniques": 5
    },
    {
      "timestamp": "2023-06-10T00:00:00Z",
      "count": 9,
      "uniques": 4
    },
    {
      "timestamp": "2023-06-11T00:00:00Z",
      "count": 6,
      "uniques": 2
    },
    {
      "timestamp": "2023-06-12T00:00:00Z",
      "count": 25,
      "uniques": 6
    },
    {
      "timestamp": "2023-06-13T00:00:00Z",
      "count": 33,
      "uniques": 4
    },
    {
      "timestamp": "2023-06-14T00:00:00Z",
      "count": 4,
      "uniques": 1
    }
  ]
}
