[
  {
    "path": "/BoothGroup/Vayesta/pulls",
    "title": "Pull requests · BoothGroup/Vayesta · GitHub",
    "count": 162,
    "uniques": 7
  },
  {
    "path": "/BoothGroup/Vayesta",
    "title": "GitHub - BoothGroup/Vayesta: A Python package for wave function-based quantum...",
    "count": 92,
    "uniques": 23
  },
  {
    "path": "/BoothGroup/Vayesta/pull/95",
    "title": "Deprecation and cleanup by obackhouse · Pull Request #95 · BoothGroup/Vayesta",
    "count": 35,
    "uniques": 3
  },
  {
    "path": "/BoothGroup/Vayesta/pull/97",
    "title": "Update setup configuration for PEP 518 by obackhouse · Pull Request #97 · Boo...",
    "count": 32,
    "uniques": 6
  },
  {
    "path": "/BoothGroup/Vayesta/pull/107",
    "title": "Added informative error message when encountering pyscf space_group_symmetry ...",
    "count": 25,
    "uniques": 5
  },
  {
    "path": "/BoothGroup/Vayesta/pull/93",
    "title": "UFCI different norbs in spin channels by cjcscott · Pull Request #93 · BoothG...",
    "count": 22,
    "uniques": 2
  },
  {
    "path": "/BoothGroup/Vayesta/tree/master/vayesta",
    "title": "Vayesta/vayesta at master · BoothGroup/Vayesta · GitHub",
    "count": 21,
    "uniques": 7
  },
  {
    "path": "/BoothGroup/Vayesta/pull/108",
    "title": "Corrfunc orb filtering by cjcscott · Pull Request #108 · BoothGroup/Vayesta",
    "count": 21,
    "uniques": 4
  },
  {
    "path": "/BoothGroup/Vayesta/actions",
    "title": "Actions · BoothGroup/Vayesta",
    "count": 18,
    "uniques": 3
  },
  {
    "path": "/BoothGroup/Vayesta/issues",
    "title": "Issues · BoothGroup/Vayesta",
    "count": 17,
    "uniques": 6
  }
]
