{
  "count": 917,
  "uniques": 34,
  "views": [
    {
      "timestamp": "2023-05-31T00:00:00Z",
      "count": 63,
      "uniques": 5
    },
    {
      "timestamp": "2023-06-01T00:00:00Z",
      "count": 15,
      "uniques": 7
    },
    {
      "timestamp": "2023-06-02T00:00:00Z",
      "count": 299,
      "uniques": 5
    },
    {
      "timestamp": "2023-06-03T00:00:00Z",
      "count": 57,
      "uniques": 4
    },
    {
      "timestamp": "2023-06-04T00:00:00Z",
      "count": 19,
      "uniques": 1
    },
    {
      "timestamp": "2023-06-05T00:00:00Z",
      "count": 36,
      "uniques": 5
    },
    {
      "timestamp": "2023-06-06T00:00:00Z",
      "count": 50,
      "uniques": 8
    },
    {
      "timestamp": "2023-06-07T00:00:00Z",
      "count": 21,
      "uniques": 3
    },
    {
      "timestamp": "2023-06-08T00:00:00Z",
      "count": 65,
      "uniques": 4
    },
    {
      "timestamp": "2023-06-09T00:00:00Z",
      "count": 94,
      "uniques": 5
    },
    {
      "timestamp": "2023-06-10T00:00:00Z",
      "count": 2,
      "uniques": 2
    },
    {
      "timestamp": "2023-06-12T00:00:00Z",
      "count": 104,
      "uniques": 4
    },
    {
      "timestamp": "2023-06-13T00:00:00Z",
      "count": 89,
      "uniques": 6
    },
    {
      "timestamp": "2023-06-14T00:00:00Z",
      "count": 3,
      "uniques": 3
    }
  ]
}
