[
  {
    "path": "/BoothGroup/Vayesta",
    "title": "BoothGroup/Vayesta: A Python package for wave function-based quantum embedding",
    "count": 51,
    "uniques": 10
  },
  {
    "path": "/BoothGroup/Vayesta/pulls",
    "title": "Pull requests · BoothGroup/Vayesta",
    "count": 47,
    "uniques": 3
  },
  {
    "path": "/BoothGroup/Vayesta/issues",
    "title": "Issues · BoothGroup/Vayesta",
    "count": 19,
    "uniques": 2
  },
  {
    "path": "/BoothGroup/Vayesta/pull/146",
    "title": "Global WF DM1 using BTensor library by maxnus · Pull Request #146 · BoothGrou...",
    "count": 15,
    "uniques": 3
  },
  {
    "path": "/BoothGroup/Vayesta/tree/master/examples",
    "title": "Vayesta/examples at master · BoothGroup/Vayesta",
    "count": 12,
    "uniques": 2
  },
  {
    "path": "/BoothGroup/Vayesta/tree/master/examples/dmet",
    "title": "Vayesta/examples/dmet at master · BoothGroup/Vayesta",
    "count": 12,
    "uniques": 2
  },
  {
    "path": "/BoothGroup/Vayesta/pull/144",
    "title": "Change PySCF version by maxnus · Pull Request #144 · BoothGroup/Vayesta",
    "count": 10,
    "uniques": 2
  },
  {
    "path": "/BoothGroup/Vayesta/tree/master/vayesta",
    "title": "Vayesta/vayesta at master · BoothGroup/Vayesta",
    "count": 9,
    "uniques": 3
  },
  {
    "path": "/BoothGroup/Vayesta/pull/143",
    "title": "Moving tests outside package by maxnus · Pull Request #143 · BoothGroup/Vayesta",
    "count": 8,
    "uniques": 2
  },
  {
    "path": "/BoothGroup/Vayesta/tree/master/examples/ewf/molecules",
    "title": "Vayesta/examples/ewf/molecules at master · BoothGroup/Vayesta",
    "count": 8,
    "uniques": 1
  }
]
