{
  "count": 99,
  "uniques": 8,
  "clones": [
    {
      "timestamp": "2023-05-01T00:00:00Z",
      "count": 5,
      "uniques": 2
    },
    {
      "timestamp": "2023-05-02T00:00:00Z",
      "count": 6,
      "uniques": 3
    },
    {
      "timestamp": "2023-05-03T00:00:00Z",
      "count": 17,
      "uniques": 3
    },
    {
      "timestamp": "2023-05-04T00:00:00Z",
      "count": 7,
      "uniques": 2
    },
    {
      "timestamp": "2023-05-05T00:00:00Z",
      "count": 5,
      "uniques": 2
    },
    {
      "timestamp": "2023-05-06T00:00:00Z",
      "count": 6,
      "uniques": 3
    },
    {
      "timestamp": "2023-05-07T00:00:00Z",
      "count": 5,
      "uniques": 2
    },
    {
      "timestamp": "2023-05-08T00:00:00Z",
      "count": 5,
      "uniques": 2
    },
    {
      "timestamp": "2023-05-09T00:00:00Z",
      "count": 5,
      "uniques": 2
    },
    {
      "timestamp": "2023-05-10T00:00:00Z",
      "count": 14,
      "uniques": 3
    },
    {
      "timestamp": "2023-05-11T00:00:00Z",
      "count": 4,
      "uniques": 1
    },
    {
      "timestamp": "2023-05-12T00:00:00Z",
      "count": 9,
      "uniques": 3
    },
    {
      "timestamp": "2023-05-13T00:00:00Z",
      "count": 4,
      "uniques": 1
    },
    {
      "timestamp": "2023-05-14T00:00:00Z",
      "count": 7,
      "uniques": 4
    }
  ]
}
