[
  {
    "path": "/BoothGroup/Vayesta",
    "title": "GitHub - BoothGroup/Vayesta: A Python package for wave function-based quantum...",
    "count": 37,
    "uniques": 15
  },
  {
    "path": "/BoothGroup/Vayesta/issues/89",
    "title": "`t_as_lambda` option control · Issue #89 · BoothGroup/Vayesta",
    "count": 10,
    "uniques": 7
  },
  {
    "path": "/BoothGroup/Vayesta/blob/master/vayesta/lattmod/latt.py",
    "title": "Vayesta/latt.py at master · BoothGroup/Vayesta",
    "count": 8,
    "uniques": 1
  },
  {
    "path": "/BoothGroup/Vayesta/tree/master/docs/source",
    "title": "Vayesta/docs/source at master · BoothGroup/Vayesta",
    "count": 8,
    "uniques": 1
  },
  {
    "path": "/BoothGroup/Vayesta/issues",
    "title": "Issues · BoothGroup/Vayesta · GitHub",
    "count": 7,
    "uniques": 4
  },
  {
    "path": "/BoothGroup/Vayesta/blob/master/docs/source/quickstart/ewf.rst",
    "title": "Vayesta/ewf.rst at master · BoothGroup/Vayesta",
    "count": 7,
    "uniques": 1
  },
  {
    "path": "/BoothGroup/Vayesta/pulls",
    "title": "Pull requests · BoothGroup/Vayesta · GitHub",
    "count": 6,
    "uniques": 3
  },
  {
    "path": "/BoothGroup/Vayesta/tree/master/vayesta",
    "title": "Vayesta/vayesta at master · BoothGroup/Vayesta",
    "count": 6,
    "uniques": 2
  },
  {
    "path": "/BoothGroup/Vayesta/blob/be227313c17c10d183e3dc9c7a522099cc426b6a/vayesta/core/types/cluster.py",
    "title": "Vayesta/cluster.py at be227313c17c10d183e3dc9c7a522099cc426b6a · BoothGroup/V...",
    "count": 6,
    "uniques": 1
  },
  {
    "path": "/BoothGroup/Vayesta/blob/gdf/vayesta/misc/gdf.py",
    "title": "Vayesta/gdf.py at gdf · BoothGroup/Vayesta · GitHub",
    "count": 5,
    "uniques": 1
  }
]
