{
  "count": 206,
  "uniques": 22,
  "views": [
    {
      "timestamp": "2023-05-01T00:00:00Z",
      "count": 31,
      "uniques": 7
    },
    {
      "timestamp": "2023-05-02T00:00:00Z",
      "count": 11,
      "uniques": 3
    },
    {
      "timestamp": "2023-05-03T00:00:00Z",
      "count": 46,
      "uniques": 6
    },
    {
      "timestamp": "2023-05-04T00:00:00Z",
      "count": 10,
      "uniques": 3
    },
    {
      "timestamp": "2023-05-05T00:00:00Z",
      "count": 4,
      "uniques": 3
    },
    {
      "timestamp": "2023-05-06T00:00:00Z",
      "count": 1,
      "uniques": 1
    },
    {
      "timestamp": "2023-05-07T00:00:00Z",
      "count": 18,
      "uniques": 1
    },
    {
      "timestamp": "2023-05-08T00:00:00Z",
      "count": 54,
      "uniques": 1
    },
    {
      "timestamp": "2023-05-09T00:00:00Z",
      "count": 16,
      "uniques": 4
    },
    {
      "timestamp": "2023-05-10T00:00:00Z",
      "count": 1,
      "uniques": 1
    },
    {
      "timestamp": "2023-05-11T00:00:00Z",
      "count": 10,
      "uniques": 3
    },
    {
      "timestamp": "2023-05-12T00:00:00Z",
      "count": 3,
      "uniques": 1
    },
    {
      "timestamp": "2023-05-13T00:00:00Z",
      "count": 1,
      "uniques": 1
    }
  ]
}
