{
  "count": 224,
  "uniques": 19,
  "clones": [
    {
      "timestamp": "2022-10-17T00:00:00Z",
      "count": 1,
      "uniques": 1
    },
    {
      "timestamp": "2022-10-18T00:00:00Z",
      "count": 30,
      "uniques": 6
    },
    {
      "timestamp": "2022-10-19T00:00:00Z",
      "count": 48,
      "uniques": 5
    },
    {
      "timestamp": "2022-10-20T00:00:00Z",
      "count": 22,
      "uniques": 5
    },
    {
      "timestamp": "2022-10-21T00:00:00Z",
      "count": 13,
      "uniques": 2
    },
    {
      "timestamp": "2022-10-22T00:00:00Z",
      "count": 5,
      "uniques": 2
    },
    {
      "timestamp": "2022-10-24T00:00:00Z",
      "count": 39,
      "uniques": 4
    },
    {
      "timestamp": "2022-10-25T00:00:00Z",
      "count": 17,
      "uniques": 2
    },
    {
      "timestamp": "2022-10-26T00:00:00Z",
      "count": 12,
      "uniques": 1
    },
    {
      "timestamp": "2022-10-27T00:00:00Z",
      "count": 9,
      "uniques": 2
    },
    {
      "timestamp": "2022-10-28T00:00:00Z",
      "count": 28,
      "uniques": 4
    }
  ]
}
