[
  {
    "path": "/BoothGroup/Vayesta/pulls",
    "title": "Pull requests · BoothGroup/Vayesta",
    "count": 110,
    "uniques": 6
  },
  {
    "path": "/BoothGroup/Vayesta",
    "title": "GitHub - BoothGroup/Vayesta: A Python package for wave function-based quantum...",
    "count": 96,
    "uniques": 13
  },
  {
    "path": "/BoothGroup/Vayesta/pull/66",
    "title": "Solver rewrite by cjcscott · Pull Request #66 · BoothGroup/Vayesta",
    "count": 67,
    "uniques": 4
  },
  {
    "path": "/BoothGroup/Vayesta/pull/65",
    "title": "V1.0.2 by maxnus · Pull Request #65 · BoothGroup/Vayesta",
    "count": 30,
    "uniques": 2
  },
  {
    "path": "/BoothGroup/Vayesta/issues",
    "title": "Issues · BoothGroup/Vayesta · GitHub",
    "count": 20,
    "uniques": 4
  },
  {
    "path": "/BoothGroup/Vayesta/commits/master",
    "title": "Commits · BoothGroup/Vayesta",
    "count": 11,
    "uniques": 2
  },
  {
    "path": "/BoothGroup/Vayesta/pull/62",
    "title": "Adds rotational-symmetry context manager by maxnus · Pull Request #62 · Booth...",
    "count": 11,
    "uniques": 1
  },
  {
    "path": "/BoothGroup/Vayesta/actions/runs/3347063182/jobs/5544634885",
    "title": "Solver rewrite · BoothGroup/Vayesta@b0f3326",
    "count": 10,
    "uniques": 1
  },
  {
    "path": "/BoothGroup/Vayesta/releases",
    "title": "Releases · BoothGroup/Vayesta",
    "count": 8,
    "uniques": 1
  },
  {
    "path": "/BoothGroup/Vayesta/tags",
    "title": "Tags · BoothGroup/Vayesta",
    "count": 8,
    "uniques": 1
  }
]
