{
  "count": 641,
  "uniques": 19,
  "views": [
    {
      "timestamp": "2022-10-17T00:00:00Z",
      "count": 10,
      "uniques": 1
    },
    {
      "timestamp": "2022-10-18T00:00:00Z",
      "count": 25,
      "uniques": 2
    },
    {
      "timestamp": "2022-10-19T00:00:00Z",
      "count": 95,
      "uniques": 3
    },
    {
      "timestamp": "2022-10-20T00:00:00Z",
      "count": 65,
      "uniques": 2
    },
    {
      "timestamp": "2022-10-21T00:00:00Z",
      "count": 108,
      "uniques": 4
    },
    {
      "timestamp": "2022-10-22T00:00:00Z",
      "count": 30,
      "uniques": 4
    },
    {
      "timestamp": "2022-10-23T00:00:00Z",
      "count": 11,
      "uniques": 2
    },
    {
      "timestamp": "2022-10-24T00:00:00Z",
      "count": 80,
      "uniques": 3
    },
    {
      "timestamp": "2022-10-25T00:00:00Z",
      "count": 59,
      "uniques": 5
    },
    {
      "timestamp": "2022-10-26T00:00:00Z",
      "count": 31,
      "uniques": 5
    },
    {
      "timestamp": "2022-10-27T00:00:00Z",
      "count": 48,
      "uniques": 6
    },
    {
      "timestamp": "2022-10-28T00:00:00Z",
      "count": 78,
      "uniques": 4
    },
    {
      "timestamp": "2022-10-29T00:00:00Z",
      "count": 1,
      "uniques": 1
    }
  ]
}
