{
  "count": 109,
  "uniques": 12,
  "clones": [
    {
      "timestamp": "2023-03-16T00:00:00Z",
      "count": 6,
      "uniques": 3
    },
    {
      "timestamp": "2023-03-17T00:00:00Z",
      "count": 4,
      "uniques": 1
    },
    {
      "timestamp": "2023-03-18T00:00:00Z",
      "count": 5,
      "uniques": 2
    },
    {
      "timestamp": "2023-03-19T00:00:00Z",
      "count": 6,
      "uniques": 3
    },
    {
      "timestamp": "2023-03-20T00:00:00Z",
      "count": 7,
      "uniques": 4
    },
    {
      "timestamp": "2023-03-21T00:00:00Z",
      "count": 5,
      "uniques": 2
    },
    {
      "timestamp": "2023-03-22T00:00:00Z",
      "count": 4,
      "uniques": 1
    },
    {
      "timestamp": "2023-03-23T00:00:00Z",
      "count": 10,
      "uniques": 3
    },
    {
      "timestamp": "2023-03-24T00:00:00Z",
      "count": 7,
      "uniques": 4
    },
    {
      "timestamp": "2023-03-25T00:00:00Z",
      "count": 5,
      "uniques": 2
    },
    {
      "timestamp": "2023-03-26T00:00:00Z",
      "count": 4,
      "uniques": 1
    },
    {
      "timestamp": "2023-03-27T00:00:00Z",
      "count": 22,
      "uniques": 5
    },
    {
      "timestamp": "2023-03-28T00:00:00Z",
      "count": 13,
      "uniques": 4
    },
    {
      "timestamp": "2023-03-29T00:00:00Z",
      "count": 11,
      "uniques": 2
    }
  ]
}
