[
  {
    "path": "/BoothGroup/Vayesta",
    "title": "GitHub - BoothGroup/Vayesta: A Python package for wave function-based quantum...",
    "count": 69,
    "uniques": 17
  },
  {
    "path": "/BoothGroup/Vayesta/pulls",
    "title": "Pull requests · BoothGroup/Vayesta",
    "count": 50,
    "uniques": 7
  },
  {
    "path": "/BoothGroup/Vayesta/pull/80",
    "title": "Fix afm single site by cjcscott · Pull Request #80 · BoothGroup/Vayesta",
    "count": 19,
    "uniques": 3
  },
  {
    "path": "/BoothGroup/Vayesta/tree/master/vayesta",
    "title": "Vayesta/vayesta at master · BoothGroup/Vayesta · GitHub",
    "count": 16,
    "uniques": 4
  },
  {
    "path": "/BoothGroup/Vayesta/pull/69",
    "title": "Added to_cisdtq functionality to RFCI wave function types for extract… by ghb...",
    "count": 15,
    "uniques": 8
  },
  {
    "path": "/BoothGroup/Vayesta/tree/master/examples",
    "title": "Vayesta/examples at master · BoothGroup/Vayesta · GitHub",
    "count": 15,
    "uniques": 4
  },
  {
    "path": "/BoothGroup/Vayesta/pull/81",
    "title": "Run tests for PRs to all branches. by cjcscott · Pull Request #81 · BoothGrou...",
    "count": 14,
    "uniques": 5
  },
  {
    "path": "/BoothGroup/Vayesta/blame/bdb562285155af4b1281400183e721fa15b6bb4f/vayesta/tests/core/bath/test_bath.py",
    "title": "Blaming Vayesta/test_bath.py at bdb562285155af4b1281400183e721fa15b6bb4f · Bo...",
    "count": 10,
    "uniques": 3
  },
  {
    "path": "/BoothGroup/Vayesta/blob/master/vayesta/dmet/dmet.py",
    "title": "Vayesta/dmet.py at master · BoothGroup/Vayesta · GitHub",
    "count": 9,
    "uniques": 2
  },
  {
    "path": "/BoothGroup/Vayesta/issues",
    "title": "Issues · BoothGroup/Vayesta · GitHub",
    "count": 8,
    "uniques": 4
  }
]
