[
  {
    "path": "/BoothGroup/Vayesta",
    "title": "GitHub - BoothGroup/Vayesta: A Python package for wave function-based quantum...",
    "count": 77,
    "uniques": 22
  },
  {
    "path": "/BoothGroup/Vayesta/pulls",
    "title": "Pull requests · BoothGroup/Vayesta · GitHub",
    "count": 63,
    "uniques": 7
  },
  {
    "path": "/BoothGroup/Vayesta/search",
    "title": "Search · sao · GitHub",
    "count": 25,
    "uniques": 2
  },
  {
    "path": "/BoothGroup/Vayesta/tree/master/examples",
    "title": "Vayesta/examples at master · BoothGroup/Vayesta · GitHub",
    "count": 19,
    "uniques": 4
  },
  {
    "path": "/BoothGroup/Vayesta/pull/80",
    "title": "Fix afm single site by cjcscott · Pull Request #80 · BoothGroup/Vayesta",
    "count": 19,
    "uniques": 3
  },
  {
    "path": "/BoothGroup/Vayesta/tree/master/vayesta",
    "title": "Vayesta/vayesta at master · BoothGroup/Vayesta · GitHub",
    "count": 17,
    "uniques": 5
  },
  {
    "path": "/BoothGroup/Vayesta/pull/69",
    "title": "Added to_cisdtq functionality to RFCI wave function types for extract… by ghb...",
    "count": 15,
    "uniques": 7
  },
  {
    "path": "/BoothGroup/Vayesta/pull/81",
    "title": "Run tests for PRs to all branches. by cjcscott · Pull Request #81 · BoothGrou...",
    "count": 15,
    "uniques": 5
  },
  {
    "path": "/BoothGroup/Vayesta/pull/82",
    "title": "UHF on the 1D Hubbard model by cjcscott · Pull Request #82 · BoothGroup/Vayesta",
    "count": 12,
    "uniques": 6
  },
  {
    "path": "/BoothGroup/Vayesta/issues",
    "title": "Issues · BoothGroup/Vayesta",
    "count": 12,
    "uniques": 5
  }
]
