{
  "count": 627,
  "uniques": 33,
  "views": [
    {
      "timestamp": "2023-03-20T00:00:00Z",
      "count": 19,
      "uniques": 8
    },
    {
      "timestamp": "2023-03-21T00:00:00Z",
      "count": 35,
      "uniques": 2
    },
    {
      "timestamp": "2023-03-22T00:00:00Z",
      "count": 2,
      "uniques": 2
    },
    {
      "timestamp": "2023-03-23T00:00:00Z",
      "count": 10,
      "uniques": 4
    },
    {
      "timestamp": "2023-03-24T00:00:00Z",
      "count": 28,
      "uniques": 4
    },
    {
      "timestamp": "2023-03-25T00:00:00Z",
      "count": 27,
      "uniques": 3
    },
    {
      "timestamp": "2023-03-26T00:00:00Z",
      "count": 5,
      "uniques": 2
    },
    {
      "timestamp": "2023-03-27T00:00:00Z",
      "count": 199,
      "uniques": 12
    },
    {
      "timestamp": "2023-03-28T00:00:00Z",
      "count": 57,
      "uniques": 5
    },
    {
      "timestamp": "2023-03-29T00:00:00Z",
      "count": 85,
      "uniques": 10
    },
    {
      "timestamp": "2023-03-30T00:00:00Z",
      "count": 129,
      "uniques": 5
    },
    {
      "timestamp": "2023-03-31T00:00:00Z",
      "count": 25,
      "uniques": 6
    },
    {
      "timestamp": "2023-04-03T00:00:00Z",
      "count": 6,
      "uniques": 2
    }
  ]
}
