{
  "count": 68,
  "uniques": 20,
  "clones": [
    {
      "timestamp": "2022-11-01T00:00:00Z",
      "count": 12,
      "uniques": 4
    },
    {
      "timestamp": "2022-11-02T00:00:00Z",
      "count": 5,
      "uniques": 2
    },
    {
      "timestamp": "2022-11-03T00:00:00Z",
      "count": 16,
      "uniques": 3
    },
    {
      "timestamp": "2022-11-04T00:00:00Z",
      "count": 2,
      "uniques": 2
    },
    {
      "timestamp": "2022-11-07T00:00:00Z",
      "count": 2,
      "uniques": 2
    },
    {
      "timestamp": "2022-11-09T00:00:00Z",
      "count": 5,
      "uniques": 5
    },
    {
      "timestamp": "2022-11-10T00:00:00Z",
      "count": 1,
      "uniques": 1
    },
    {
      "timestamp": "2022-11-11T00:00:00Z",
      "count": 2,
      "uniques": 1
    },
    {
      "timestamp": "2022-11-12T00:00:00Z",
      "count": 5,
      "uniques": 2
    },
    {
      "timestamp": "2022-11-14T00:00:00Z",
      "count": 18,
      "uniques": 7
    }
  ]
}
