[
  {
    "path": "/BoothGroup/Vayesta",
    "title": "GitHub - BoothGroup/Vayesta: A Python package for wave function-based quantum...",
    "count": 55,
    "uniques": 22
  },
  {
    "path": "/BoothGroup/Vayesta/pull/69",
    "title": "Added to_cisdtq functionality to RFCI wave function types for extract… by ghb...",
    "count": 42,
    "uniques": 6
  },
  {
    "path": "/BoothGroup/Vayesta/pulls",
    "title": "Pull requests · BoothGroup/Vayesta",
    "count": 37,
    "uniques": 5
  },
  {
    "path": "/BoothGroup/Vayesta/pull/65",
    "title": "V1.0.2 by maxnus · Pull Request #65 · BoothGroup/Vayesta",
    "count": 27,
    "uniques": 4
  },
  {
    "path": "/BoothGroup/Vayesta/issues",
    "title": "Issues · BoothGroup/Vayesta",
    "count": 6,
    "uniques": 4
  },
  {
    "path": "/BoothGroup/Vayesta/tree/master/examples",
    "title": "Vayesta/examples at master · BoothGroup/Vayesta",
    "count": 4,
    "uniques": 3
  },
  {
    "path": "/BoothGroup/Vayesta/tree/master/vayesta",
    "title": "Vayesta/vayesta at master · BoothGroup/Vayesta",
    "count": 4,
    "uniques": 3
  },
  {
    "path": "/BoothGroup/Vayesta/blob/v1.0.2a/examples/ewf/molecules/24-delta-tailor.py",
    "title": "Vayesta/24-delta-tailor.py at v1.0.2a · BoothGroup/Vayesta",
    "count": 4,
    "uniques": 2
  },
  {
    "path": "/BoothGroup/Vayesta/pull/69/files",
    "title": "Added to_cisdtq functionality to RFCI wave function types for extract… by ghb...",
    "count": 4,
    "uniques": 2
  },
  {
    "path": "/BoothGroup/Vayesta/pull/69/commits/14de2a2cfafd85068a8591230a0d5c9d02b7ebf5",
    "title": "Added to_cisdtq functionality to RFCI wave function types for extract… by ghb...",
    "count": 4,
    "uniques": 1
  }
]
