{
  "count": 331,
  "uniques": 36,
  "views": [
    {
      "timestamp": "2022-11-01T00:00:00Z",
      "count": 49,
      "uniques": 8
    },
    {
      "timestamp": "2022-11-02T00:00:00Z",
      "count": 15,
      "uniques": 5
    },
    {
      "timestamp": "2022-11-03T00:00:00Z",
      "count": 51,
      "uniques": 5
    },
    {
      "timestamp": "2022-11-04T00:00:00Z",
      "count": 49,
      "uniques": 7
    },
    {
      "timestamp": "2022-11-05T00:00:00Z",
      "count": 1,
      "uniques": 1
    },
    {
      "timestamp": "2022-11-07T00:00:00Z",
      "count": 20,
      "uniques": 8
    },
    {
      "timestamp": "2022-11-08T00:00:00Z",
      "count": 9,
      "uniques": 5
    },
    {
      "timestamp": "2022-11-09T00:00:00Z",
      "count": 1,
      "uniques": 1
    },
    {
      "timestamp": "2022-11-10T00:00:00Z",
      "count": 12,
      "uniques": 4
    },
    {
      "timestamp": "2022-11-12T00:00:00Z",
      "count": 25,
      "uniques": 4
    },
    {
      "timestamp": "2022-11-13T00:00:00Z",
      "count": 3,
      "uniques": 3
    },
    {
      "timestamp": "2022-11-14T00:00:00Z",
      "count": 93,
      "uniques": 11
    },
    {
      "timestamp": "2022-11-15T00:00:00Z",
      "count": 3,
      "uniques": 1
    }
  ]
}
