{
  "count": 61,
  "uniques": 5,
  "clones": [
    {
      "timestamp": "2022-12-16T00:00:00Z",
      "count": 7,
      "uniques": 3
    },
    {
      "timestamp": "2022-12-17T00:00:00Z",
      "count": 4,
      "uniques": 1
    },
    {
      "timestamp": "2022-12-18T00:00:00Z",
      "count": 4,
      "uniques": 1
    },
    {
      "timestamp": "2022-12-19T00:00:00Z",
      "count": 4,
      "uniques": 1
    },
    {
      "timestamp": "2022-12-20T00:00:00Z",
      "count": 5,
      "uniques": 2
    },
    {
      "timestamp": "2022-12-21T00:00:00Z",
      "count": 5,
      "uniques": 2
    },
    {
      "timestamp": "2022-12-22T00:00:00Z",
      "count": 4,
      "uniques": 1
    },
    {
      "timestamp": "2022-12-23T00:00:00Z",
      "count": 4,
      "uniques": 1
    },
    {
      "timestamp": "2022-12-24T00:00:00Z",
      "count": 4,
      "uniques": 1
    },
    {
      "timestamp": "2022-12-25T00:00:00Z",
      "count": 4,
      "uniques": 1
    },
    {
      "timestamp": "2022-12-26T00:00:00Z",
      "count": 4,
      "uniques": 1
    },
    {
      "timestamp": "2022-12-27T00:00:00Z",
      "count": 4,
      "uniques": 1
    },
    {
      "timestamp": "2022-12-28T00:00:00Z",
      "count": 4,
      "uniques": 1
    },
    {
      "timestamp": "2022-12-29T00:00:00Z",
      "count": 4,
      "uniques": 1
    }
  ]
}
