[
  {
    "path": "/BoothGroup/Vayesta",
    "title": "GitHub - BoothGroup/Vayesta: A Python package for wave function-based quantum...",
    "count": 20,
    "uniques": 8
  },
  {
    "path": "/BoothGroup/Vayesta/discussions/74",
    "title": "Active space transformations · Discussion #74 · BoothGroup/Vayesta · GitHub",
    "count": 17,
    "uniques": 7
  },
  {
    "path": "/BoothGroup/Vayesta/discussions",
    "title": "Discussions · BoothGroup/Vayesta · GitHub",
    "count": 10,
    "uniques": 4
  },
  {
    "path": "/BoothGroup/Vayesta/tree/master/vayesta",
    "title": "Vayesta/vayesta at master · BoothGroup/Vayesta",
    "count": 9,
    "uniques": 3
  },
  {
    "path": "/BoothGroup/Vayesta/pulls",
    "title": "Pull requests · BoothGroup/Vayesta",
    "count": 7,
    "uniques": 5
  },
  {
    "path": "/BoothGroup/Vayesta/actions",
    "title": "Actions · BoothGroup/Vayesta",
    "count": 6,
    "uniques": 3
  },
  {
    "path": "/BoothGroup/Vayesta/search",
    "title": "Search · project_ref_orbitals",
    "count": 6,
    "uniques": 3
  },
  {
    "path": "/BoothGroup/Vayesta/tree/master/vayesta/dmet",
    "title": "Vayesta/vayesta/dmet at master · BoothGroup/Vayesta",
    "count": 5,
    "uniques": 1
  },
  {
    "path": "/BoothGroup/Vayesta/issues",
    "title": "Issues · BoothGroup/Vayesta",
    "count": 4,
    "uniques": 4
  },
  {
    "path": "/BoothGroup/Vayesta/actions/runs/3727879946",
    "title": "CI · BoothGroup/Vayesta@945d209",
    "count": 4,
    "uniques": 2
  }
]
