{
  "count": 152,
  "uniques": 26,
  "views": [
    {
      "timestamp": "2022-12-16T00:00:00Z",
      "count": 2,
      "uniques": 2
    },
    {
      "timestamp": "2022-12-17T00:00:00Z",
      "count": 4,
      "uniques": 3
    },
    {
      "timestamp": "2022-12-18T00:00:00Z",
      "count": 6,
      "uniques": 1
    },
    {
      "timestamp": "2022-12-19T00:00:00Z",
      "count": 37,
      "uniques": 4
    },
    {
      "timestamp": "2022-12-20T00:00:00Z",
      "count": 4,
      "uniques": 2
    },
    {
      "timestamp": "2022-12-21T00:00:00Z",
      "count": 2,
      "uniques": 1
    },
    {
      "timestamp": "2022-12-22T00:00:00Z",
      "count": 64,
      "uniques": 7
    },
    {
      "timestamp": "2022-12-23T00:00:00Z",
      "count": 14,
      "uniques": 1
    },
    {
      "timestamp": "2022-12-26T00:00:00Z",
      "count": 1,
      "uniques": 1
    },
    {
      "timestamp": "2022-12-29T00:00:00Z",
      "count": 18,
      "uniques": 13
    }
  ]
}
