{
  "count": 99,
  "uniques": 14,
  "clones": [
    {
      "timestamp": "2023-02-28T00:00:00Z",
      "count": 7,
      "uniques": 2
    },
    {
      "timestamp": "2023-03-01T00:00:00Z",
      "count": 4,
      "uniques": 1
    },
    {
      "timestamp": "2023-03-02T00:00:00Z",
      "count": 12,
      "uniques": 7
    },
    {
      "timestamp": "2023-03-03T00:00:00Z",
      "count": 8,
      "uniques": 5
    },
    {
      "timestamp": "2023-03-04T00:00:00Z",
      "count": 5,
      "uniques": 2
    },
    {
      "timestamp": "2023-03-05T00:00:00Z",
      "count": 4,
      "uniques": 1
    },
    {
      "timestamp": "2023-03-06T00:00:00Z",
      "count": 9,
      "uniques": 4
    },
    {
      "timestamp": "2023-03-07T00:00:00Z",
      "count": 7,
      "uniques": 4
    },
    {
      "timestamp": "2023-03-08T00:00:00Z",
      "count": 5,
      "uniques": 2
    },
    {
      "timestamp": "2023-03-09T00:00:00Z",
      "count": 4,
      "uniques": 1
    },
    {
      "timestamp": "2023-03-10T00:00:00Z",
      "count": 14,
      "uniques": 6
    },
    {
      "timestamp": "2023-03-11T00:00:00Z",
      "count": 5,
      "uniques": 2
    },
    {
      "timestamp": "2023-03-12T00:00:00Z",
      "count": 5,
      "uniques": 2
    },
    {
      "timestamp": "2023-03-13T00:00:00Z",
      "count": 5,
      "uniques": 2
    },
    {
      "timestamp": "2023-03-14T00:00:00Z",
      "count": 5,
      "uniques": 2
    }
  ]
}
