[
  {
    "path": "/BoothGroup/Vayesta",
    "title": "GitHub - BoothGroup/Vayesta: A Python package for wave function-based quantum...",
    "count": 79,
    "uniques": 33
  },
  {
    "path": "/BoothGroup/Vayesta/search",
    "title": "Search · · GitHub",
    "count": 11,
    "uniques": 2
  },
  {
    "path": "/BoothGroup/Vayesta/tree/master/vayesta",
    "title": "Vayesta/vayesta at master · BoothGroup/Vayesta · GitHub",
    "count": 8,
    "uniques": 7
  },
  {
    "path": "/BoothGroup/Vayesta/discussions",
    "title": "BoothGroup/Vayesta · Discussions · GitHub · GitHub",
    "count": 6,
    "uniques": 5
  },
  {
    "path": "/BoothGroup/Vayesta/tree/master/examples",
    "title": "Vayesta/examples at master · BoothGroup/Vayesta · GitHub",
    "count": 6,
    "uniques": 4
  },
  {
    "path": "/BoothGroup/Vayesta/tree/master/docs",
    "title": "Vayesta/docs at master · BoothGroup/Vayesta · GitHub",
    "count": 6,
    "uniques": 3
  },
  {
    "path": "/BoothGroup/Vayesta/pulls",
    "title": "Pull requests · BoothGroup/Vayesta",
    "count": 5,
    "uniques": 4
  },
  {
    "path": "/BoothGroup/Vayesta/actions",
    "title": "Actions · BoothGroup/Vayesta",
    "count": 5,
    "uniques": 3
  },
  {
    "path": "/BoothGroup/Vayesta/blob/master/examples/dmet/01-simple-dmet.py",
    "title": "Vayesta/01-simple-dmet.py at master · BoothGroup/Vayesta · GitHub",
    "count": 5,
    "uniques": 2
  },
  {
    "path": "/BoothGroup/Vayesta/blob/to_cisdtq/vayesta/core/types/wf/cisdtq.py",
    "title": "Vayesta/cisdtq.py at to_cisdtq · BoothGroup/Vayesta · GitHub",
    "count": 5,
    "uniques": 1
  }
]
