{
  "count": 287,
  "uniques": 35,
  "views": [
    {
      "timestamp": "2023-02-28T00:00:00Z",
      "count": 3,
      "uniques": 2
    },
    {
      "timestamp": "2023-03-01T00:00:00Z",
      "count": 27,
      "uniques": 4
    },
    {
      "timestamp": "2023-03-02T00:00:00Z",
      "count": 45,
      "uniques": 14
    },
    {
      "timestamp": "2023-03-03T00:00:00Z",
      "count": 31,
      "uniques": 3
    },
    {
      "timestamp": "2023-03-04T00:00:00Z",
      "count": 1,
      "uniques": 1
    },
    {
      "timestamp": "2023-03-05T00:00:00Z",
      "count": 2,
      "uniques": 2
    },
    {
      "timestamp": "2023-03-06T00:00:00Z",
      "count": 22,
      "uniques": 5
    },
    {
      "timestamp": "2023-03-07T00:00:00Z",
      "count": 13,
      "uniques": 2
    },
    {
      "timestamp": "2023-03-08T00:00:00Z",
      "count": 27,
      "uniques": 4
    },
    {
      "timestamp": "2023-03-09T00:00:00Z",
      "count": 7,
      "uniques": 4
    },
    {
      "timestamp": "2023-03-10T00:00:00Z",
      "count": 37,
      "uniques": 3
    },
    {
      "timestamp": "2023-03-11T00:00:00Z",
      "count": 3,
      "uniques": 2
    },
    {
      "timestamp": "2023-03-12T00:00:00Z",
      "count": 1,
      "uniques": 1
    },
    {
      "timestamp": "2023-03-13T00:00:00Z",
      "count": 68,
      "uniques": 9
    }
  ]
}
