{
  "count": 78,
  "uniques": 11,
  "clones": [
    {
      "timestamp": "2023-01-01T00:00:00Z",
      "count": 6,
      "uniques": 3
    },
    {
      "timestamp": "2023-01-02T00:00:00Z",
      "count": 4,
      "uniques": 1
    },
    {
      "timestamp": "2023-01-03T00:00:00Z",
      "count": 8,
      "uniques": 3
    },
    {
      "timestamp": "2023-01-04T00:00:00Z",
      "count": 5,
      "uniques": 2
    },
    {
      "timestamp": "2023-01-05T00:00:00Z",
      "count": 4,
      "uniques": 1
    },
    {
      "timestamp": "2023-01-06T00:00:00Z",
      "count": 4,
      "uniques": 1
    },
    {
      "timestamp": "2023-01-07T00:00:00Z",
      "count": 4,
      "uniques": 1
    },
    {
      "timestamp": "2023-01-08T00:00:00Z",
      "count": 4,
      "uniques": 1
    },
    {
      "timestamp": "2023-01-09T00:00:00Z",
      "count": 9,
      "uniques": 2
    },
    {
      "timestamp": "2023-01-10T00:00:00Z",
      "count": 12,
      "uniques": 3
    },
    {
      "timestamp": "2023-01-11T00:00:00Z",
      "count": 4,
      "uniques": 1
    },
    {
      "timestamp": "2023-01-12T00:00:00Z",
      "count": 5,
      "uniques": 2
    },
    {
      "timestamp": "2023-01-13T00:00:00Z",
      "count": 4,
      "uniques": 1
    },
    {
      "timestamp": "2023-01-14T00:00:00Z",
      "count": 5,
      "uniques": 2
    }
  ]
}
