[
  {
    "path": "/BoothGroup/Vayesta",
    "title": "GitHub - BoothGroup/Vayesta: A Python package for wave function-based quantum...",
    "count": 21,
    "uniques": 13
  },
  {
    "path": "/BoothGroup/Vayesta/discussions/74",
    "title": "Active space transformations · Discussion #74 · BoothGroup/Vayesta · GitHub",
    "count": 6,
    "uniques": 5
  },
  {
    "path": "/BoothGroup/Vayesta/pull/75",
    "title": "Disables test by obackhouse · Pull Request #75 · BoothGroup/Vayesta",
    "count": 4,
    "uniques": 1
  },
  {
    "path": "/BoothGroup/Vayesta/actions",
    "title": "Actions · BoothGroup/Vayesta",
    "count": 2,
    "uniques": 1
  },
  {
    "path": "/BoothGroup/Vayesta/actions/runs/3870250636",
    "title": "CI · BoothGroup/Vayesta@945d209",
    "count": 1,
    "uniques": 1
  },
  {
    "path": "/BoothGroup/Vayesta/actions/runs/3870250636/jobs/6597026676",
    "title": "CI · BoothGroup/Vayesta@945d209",
    "count": 1,
    "uniques": 1
  },
  {
    "path": "/BoothGroup/Vayesta/actions/runs/3879696235",
    "title": "CI · BoothGroup/Vayesta@945d209",
    "count": 1,
    "uniques": 1
  },
  {
    "path": "/BoothGroup/Vayesta/actions/runs/3879696235/jobs/6617119654",
    "title": "CI · BoothGroup/Vayesta@945d209",
    "count": 1,
    "uniques": 1
  },
  {
    "path": "/BoothGroup/Vayesta/blob/7505c05430a5f1a2746ad9fda7fa42b9c7ede75f/vayesta/core/qemb/rdm.py",
    "title": "Vayesta/rdm.py at 7505c05430a5f1a2746ad9fda7fa42b9c7ede75f · BoothGroup/Vayes...",
    "count": 1,
    "uniques": 1
  },
  {
    "path": "/BoothGroup/Vayesta/commits/master",
    "title": "Commits · BoothGroup/Vayesta · GitHub",
    "count": 1,
    "uniques": 1
  }
]
