{
  "count": 124,
  "uniques": 14,
  "clones": [
    {
      "timestamp": "2023-02-14T00:00:00Z",
      "count": 19,
      "uniques": 4
    },
    {
      "timestamp": "2023-02-15T00:00:00Z",
      "count": 16,
      "uniques": 2
    },
    {
      "timestamp": "2023-02-16T00:00:00Z",
      "count": 4,
      "uniques": 1
    },
    {
      "timestamp": "2023-02-17T00:00:00Z",
      "count": 5,
      "uniques": 2
    },
    {
      "timestamp": "2023-02-18T00:00:00Z",
      "count": 5,
      "uniques": 2
    },
    {
      "timestamp": "2023-02-19T00:00:00Z",
      "count": 12,
      "uniques": 1
    },
    {
      "timestamp": "2023-02-20T00:00:00Z",
      "count": 8,
      "uniques": 3
    },
    {
      "timestamp": "2023-02-21T00:00:00Z",
      "count": 14,
      "uniques": 4
    },
    {
      "timestamp": "2023-02-22T00:00:00Z",
      "count": 7,
      "uniques": 2
    },
    {
      "timestamp": "2023-02-23T00:00:00Z",
      "count": 11,
      "uniques": 3
    },
    {
      "timestamp": "2023-02-24T00:00:00Z",
      "count": 4,
      "uniques": 1
    },
    {
      "timestamp": "2023-02-25T00:00:00Z",
      "count": 10,
      "uniques": 2
    },
    {
      "timestamp": "2023-02-26T00:00:00Z",
      "count": 5,
      "uniques": 2
    },
    {
      "timestamp": "2023-02-27T00:00:00Z",
      "count": 4,
      "uniques": 1
    }
  ]
}
