[
  {
    "path": "/BoothGroup/Vayesta",
    "title": "GitHub - BoothGroup/Vayesta: A Python package for wave function-based quantum...",
    "count": 52,
    "uniques": 18
  },
  {
    "path": "/BoothGroup/Vayesta/pulls",
    "title": "Pull requests · BoothGroup/Vayesta · GitHub",
    "count": 31,
    "uniques": 5
  },
  {
    "path": "/BoothGroup/Vayesta/pull/65",
    "title": "V1.0.2 by maxnus · Pull Request #65 · BoothGroup/Vayesta · GitHub",
    "count": 23,
    "uniques": 5
  },
  {
    "path": "/BoothGroup/Vayesta/discussions/79",
    "title": "Why the DMET total energy is not the limit of EWF for very large eta? · Discu...",
    "count": 10,
    "uniques": 3
  },
  {
    "path": "/BoothGroup/Vayesta/tree/master/vayesta",
    "title": "Vayesta/vayesta at master · BoothGroup/Vayesta · GitHub",
    "count": 9,
    "uniques": 5
  },
  {
    "path": "/BoothGroup/Vayesta/commits/master",
    "title": "Commits · BoothGroup/Vayesta",
    "count": 7,
    "uniques": 2
  },
  {
    "path": "/BoothGroup/Vayesta/discussions",
    "title": "Discussions · BoothGroup/Vayesta · GitHub",
    "count": 5,
    "uniques": 4
  },
  {
    "path": "/BoothGroup/Vayesta/pull/69",
    "title": "Added to_cisdtq functionality to RFCI wave function types for extract… by ghb...",
    "count": 5,
    "uniques": 4
  },
  {
    "path": "/BoothGroup/Vayesta/issues",
    "title": "Issues · BoothGroup/Vayesta",
    "count": 5,
    "uniques": 2
  },
  {
    "path": "/BoothGroup/Vayesta/pull/65/commits/23bd00f3e52192b1a8a329272f0215677cbdc450",
    "title": "V1.0.2 by maxnus · Pull Request #65 · BoothGroup/Vayesta",
    "count": 5,
    "uniques": 1
  }
]
