{
  "count": 285,
  "uniques": 33,
  "views": [
    {
      "timestamp": "2023-02-13T00:00:00Z",
      "count": 21,
      "uniques": 2
    },
    {
      "timestamp": "2023-02-14T00:00:00Z",
      "count": 5,
      "uniques": 1
    },
    {
      "timestamp": "2023-02-15T00:00:00Z",
      "count": 46,
      "uniques": 11
    },
    {
      "timestamp": "2023-02-16T00:00:00Z",
      "count": 17,
      "uniques": 5
    },
    {
      "timestamp": "2023-02-17T00:00:00Z",
      "count": 9,
      "uniques": 3
    },
    {
      "timestamp": "2023-02-18T00:00:00Z",
      "count": 2,
      "uniques": 1
    },
    {
      "timestamp": "2023-02-19T00:00:00Z",
      "count": 23,
      "uniques": 2
    },
    {
      "timestamp": "2023-02-20T00:00:00Z",
      "count": 25,
      "uniques": 7
    },
    {
      "timestamp": "2023-02-21T00:00:00Z",
      "count": 47,
      "uniques": 8
    },
    {
      "timestamp": "2023-02-22T00:00:00Z",
      "count": 2,
      "uniques": 2
    },
    {
      "timestamp": "2023-02-23T00:00:00Z",
      "count": 5,
      "uniques": 1
    },
    {
      "timestamp": "2023-02-24T00:00:00Z",
      "count": 16,
      "uniques": 4
    },
    {
      "timestamp": "2023-02-25T00:00:00Z",
      "count": 57,
      "uniques": 4
    },
    {
      "timestamp": "2023-02-26T00:00:00Z",
      "count": 7,
      "uniques": 2
    },
    {
      "timestamp": "2023-02-27T00:00:00Z",
      "count": 3,
      "uniques": 3
    }
  ]
}
