[
  {
    "path": "/BoothGroup/Vayesta",
    "title": "GitHub - BoothGroup/Vayesta: A Python package for wave function-based quantum...",
    "count": 57,
    "uniques": 13
  },
  {
    "path": "/BoothGroup/Vayesta/tree/master/examples",
    "title": "Vayesta/examples at master · BoothGroup/Vayesta",
    "count": 44,
    "uniques": 4
  },
  {
    "path": "/BoothGroup/Vayesta/pulls",
    "title": "Pull requests · BoothGroup/Vayesta",
    "count": 37,
    "uniques": 3
  },
  {
    "path": "/BoothGroup/Vayesta/tree/master/vayesta",
    "title": "Vayesta/vayesta at master · BoothGroup/Vayesta · GitHub",
    "count": 36,
    "uniques": 4
  },
  {
    "path": "/BoothGroup/Vayesta/tree/master/examples/dmet",
    "title": "Vayesta/examples/dmet at master · BoothGroup/Vayesta",
    "count": 26,
    "uniques": 4
  },
  {
    "path": "/BoothGroup/Vayesta/tree/master/docs",
    "title": "Vayesta/docs at master · BoothGroup/Vayesta · GitHub",
    "count": 18,
    "uniques": 3
  },
  {
    "path": "/BoothGroup/Vayesta/tree/master",
    "title": "BoothGroup/Vayesta: A Python package for wave function-based quantum embedding",
    "count": 17,
    "uniques": 6
  },
  {
    "path": "/BoothGroup/Vayesta/pull/146",
    "title": "Global WF DM1 using BTensor library by maxnus · Pull Request #146 · BoothGrou...",
    "count": 16,
    "uniques": 3
  },
  {
    "path": "/BoothGroup/Vayesta/issues",
    "title": "Issues · BoothGroup/Vayesta",
    "count": 15,
    "uniques": 2
  },
  {
    "path": "/BoothGroup/Vayesta/tree/master/examples/ewf/molecules",
    "title": "Vayesta/examples/ewf/molecules at master · BoothGroup/Vayesta",
    "count": 12,
    "uniques": 2
  }
]
