{
  "count": 671,
  "uniques": 20,
  "views": [
    {
      "timestamp": "2023-09-30T00:00:00Z",
      "count": 19,
      "uniques": 1
    },
    {
      "timestamp": "2023-10-01T00:00:00Z",
      "count": 40,
      "uniques": 2
    },
    {
      "timestamp": "2023-10-02T00:00:00Z",
      "count": 121,
      "uniques": 7
    },
    {
      "timestamp": "2023-10-03T00:00:00Z",
      "count": 1,
      "uniques": 1
    },
    {
      "timestamp": "2023-10-04T00:00:00Z",
      "count": 29,
      "uniques": 2
    },
    {
      "timestamp": "2023-10-06T00:00:00Z",
      "count": 26,
      "uniques": 4
    },
    {
      "timestamp": "2023-10-08T00:00:00Z",
      "count": 6,
      "uniques": 2
    },
    {
      "timestamp": "2023-10-09T00:00:00Z",
      "count": 33,
      "uniques": 5
    },
    {
      "timestamp": "2023-10-10T00:00:00Z",
      "count": 161,
      "uniques": 5
    },
    {
      "timestamp": "2023-10-11T00:00:00Z",
      "count": 22,
      "uniques": 6
    },
    {
      "timestamp": "2023-10-12T00:00:00Z",
      "count": 186,
      "uniques": 2
    },
    {
      "timestamp": "2023-10-13T00:00:00Z",
      "count": 27,
      "uniques": 5
    }
  ]
}
