{
  "count": 687,
  "uniques": 16,
  "clones": [
    {
      "timestamp": "2023-01-16T00:00:00Z",
      "count": 6,
      "uniques": 3
    },
    {
      "timestamp": "2023-01-17T00:00:00Z",
      "count": 6,
      "uniques": 3
    },
    {
      "timestamp": "2023-01-18T00:00:00Z",
      "count": 4,
      "uniques": 1
    },
    {
      "timestamp": "2023-01-19T00:00:00Z",
      "count": 5,
      "uniques": 2
    },
    {
      "timestamp": "2023-01-20T00:00:00Z",
      "count": 4,
      "uniques": 1
    },
    {
      "timestamp": "2023-01-21T00:00:00Z",
      "count": 4,
      "uniques": 1
    },
    {
      "timestamp": "2023-01-22T00:00:00Z",
      "count": 4,
      "uniques": 1
    },
    {
      "timestamp": "2023-01-23T00:00:00Z",
      "count": 5,
      "uniques": 2
    },
    {
      "timestamp": "2023-01-24T00:00:00Z",
      "count": 4,
      "uniques": 1
    },
    {
      "timestamp": "2023-01-25T00:00:00Z",
      "count": 11,
      "uniques": 3
    },
    {
      "timestamp": "2023-01-26T00:00:00Z",
      "count": 597,
      "uniques": 4
    },
    {
      "timestamp": "2023-01-27T00:00:00Z",
      "count": 28,
      "uniques": 8
    },
    {
      "timestamp": "2023-01-28T00:00:00Z",
      "count": 4,
      "uniques": 1
    },
    {
      "timestamp": "2023-01-29T00:00:00Z",
      "count": 5,
      "uniques": 2
    }
  ]
}
