[
  {
    "path": "/BoothGroup/Vayesta",
    "title": "GitHub - BoothGroup/Vayesta: A Python package for wave function-based quantum...",
    "count": 77,
    "uniques": 30
  },
  {
    "path": "/BoothGroup/Vayesta/pulls",
    "title": "Pull requests · BoothGroup/Vayesta · GitHub",
    "count": 18,
    "uniques": 6
  },
  {
    "path": "/BoothGroup/Vayesta/pull/69",
    "title": "Added to_cisdtq functionality to RFCI wave function types for extract… by ghb...",
    "count": 16,
    "uniques": 3
  },
  {
    "path": "/BoothGroup/Vayesta/tree/master/examples",
    "title": "Vayesta/examples at master · BoothGroup/Vayesta · GitHub",
    "count": 11,
    "uniques": 8
  },
  {
    "path": "/BoothGroup/Vayesta/tree/master/vayesta",
    "title": "Vayesta/vayesta at master · BoothGroup/Vayesta · GitHub",
    "count": 10,
    "uniques": 7
  },
  {
    "path": "/BoothGroup/Vayesta/tree/master/examples/dmet",
    "title": "Vayesta/examples/dmet at master · BoothGroup/Vayesta",
    "count": 8,
    "uniques": 5
  },
  {
    "path": "/BoothGroup/Vayesta/issues",
    "title": "Pull requests · BoothGroup/Vayesta · GitHub",
    "count": 8,
    "uniques": 4
  },
  {
    "path": "/BoothGroup/Vayesta/search",
    "title": "Search · pyscf · GitHub",
    "count": 7,
    "uniques": 4
  },
  {
    "path": "/BoothGroup/Vayesta/pull/76",
    "title": "Fix MPI communication for ERIs larger than 2^31 bytes by basilib · Pull Reque...",
    "count": 7,
    "uniques": 3
  },
  {
    "path": "/BoothGroup/Vayesta/pull/69/commits/90e73190b53179870d7857a5bd1d8d1b200d01ae",
    "title": "Added to_cisdtq functionality to RFCI wave function types for extract… by ghb...",
    "count": 6,
    "uniques": 2
  }
]
