{
  "count": 322,
  "uniques": 35,
  "views": [
    {
      "timestamp": "2023-01-16T00:00:00Z",
      "count": 41,
      "uniques": 3
    },
    {
      "timestamp": "2023-01-17T00:00:00Z",
      "count": 29,
      "uniques": 4
    },
    {
      "timestamp": "2023-01-18T00:00:00Z",
      "count": 7,
      "uniques": 2
    },
    {
      "timestamp": "2023-01-19T00:00:00Z",
      "count": 5,
      "uniques": 5
    },
    {
      "timestamp": "2023-01-20T00:00:00Z",
      "count": 11,
      "uniques": 3
    },
    {
      "timestamp": "2023-01-21T00:00:00Z",
      "count": 1,
      "uniques": 1
    },
    {
      "timestamp": "2023-01-22T00:00:00Z",
      "count": 3,
      "uniques": 1
    },
    {
      "timestamp": "2023-01-23T00:00:00Z",
      "count": 3,
      "uniques": 3
    },
    {
      "timestamp": "2023-01-24T00:00:00Z",
      "count": 63,
      "uniques": 8
    },
    {
      "timestamp": "2023-01-25T00:00:00Z",
      "count": 43,
      "uniques": 2
    },
    {
      "timestamp": "2023-01-26T00:00:00Z",
      "count": 40,
      "uniques": 7
    },
    {
      "timestamp": "2023-01-27T00:00:00Z",
      "count": 26,
      "uniques": 4
    },
    {
      "timestamp": "2023-01-28T00:00:00Z",
      "count": 50,
      "uniques": 4
    }
  ]
}
