{
  "count": 96,
  "uniques": 8,
  "clones": [
    {
      "timestamp": "2023-10-04T00:00:00Z",
      "count": 7,
      "uniques": 2
    },
    {
      "timestamp": "2023-10-05T00:00:00Z",
      "count": 5,
      "uniques": 1
    },
    {
      "timestamp": "2023-10-06T00:00:00Z",
      "count": 9,
      "uniques": 4
    },
    {
      "timestamp": "2023-10-07T00:00:00Z",
      "count": 7,
      "uniques": 2
    },
    {
      "timestamp": "2023-10-08T00:00:00Z",
      "count": 5,
      "uniques": 1
    },
    {
      "timestamp": "2023-10-09T00:00:00Z",
      "count": 12,
      "uniques": 5
    },
    {
      "timestamp": "2023-10-10T00:00:00Z",
      "count": 7,
      "uniques": 2
    },
    {
      "timestamp": "2023-10-11T00:00:00Z",
      "count": 5,
      "uniques": 1
    },
    {
      "timestamp": "2023-10-12T00:00:00Z",
      "count": 7,
      "uniques": 2
    },
    {
      "timestamp": "2023-10-13T00:00:00Z",
      "count": 7,
      "uniques": 2
    },
    {
      "timestamp": "2023-10-14T00:00:00Z",
      "count": 5,
      "uniques": 1
    },
    {
      "timestamp": "2023-10-15T00:00:00Z",
      "count": 8,
      "uniques": 3
    },
    {
      "timestamp": "2023-10-16T00:00:00Z",
      "count": 7,
      "uniques": 2
    },
    {
      "timestamp": "2023-10-17T00:00:00Z",
      "count": 5,
      "uniques": 1
    }
  ]
}
