[
  {
    "path": "/BoothGroup/Vayesta",
    "title": "GitHub - BoothGroup/Vayesta: A Python package for wave function-based quantum...",
    "count": 39,
    "uniques": 11
  },
  {
    "path": "/BoothGroup/Vayesta/tree/master/examples",
    "title": "Vayesta/examples at master · BoothGroup/Vayesta",
    "count": 37,
    "uniques": 3
  },
  {
    "path": "/BoothGroup/Vayesta/tree/master/vayesta",
    "title": "Vayesta/vayesta at master · BoothGroup/Vayesta · GitHub",
    "count": 29,
    "uniques": 2
  },
  {
    "path": "/BoothGroup/Vayesta/tree/master/examples/dmet",
    "title": "Vayesta/examples/dmet at master · BoothGroup/Vayesta",
    "count": 20,
    "uniques": 3
  },
  {
    "path": "/BoothGroup/Vayesta/tree/master/docs",
    "title": "Vayesta/docs at master · BoothGroup/Vayesta · GitHub",
    "count": 18,
    "uniques": 3
  },
  {
    "path": "/BoothGroup/Vayesta/pulls",
    "title": "Pull requests · BoothGroup/Vayesta",
    "count": 18,
    "uniques": 2
  },
  {
    "path": "/BoothGroup/Vayesta/tree/master",
    "title": "BoothGroup/Vayesta: A Python package for wave function-based quantum embedding",
    "count": 15,
    "uniques": 4
  },
  {
    "path": "/BoothGroup/Vayesta/tree/511ef480df6b318a958bc5d223900d221019336c/examples",
    "title": "Vayesta/examples at 511ef480df6b318a958bc5d223900d221019336c · BoothGroup/Vay...",
    "count": 12,
    "uniques": 1
  },
  {
    "path": "/BoothGroup/Vayesta/tree/master/vayesta/libs",
    "title": "Vayesta/vayesta/libs at master · BoothGroup/Vayesta",
    "count": 10,
    "uniques": 1
  },
  {
    "path": "/BoothGroup/Vayesta/blob/master/CHANGELOG",
    "title": "Vayesta/CHANGELOG at master · BoothGroup/Vayesta",
    "count": 9,
    "uniques": 1
  }
]
