{
  "count": 509,
  "uniques": 17,
  "views": [
    {
      "timestamp": "2023-10-03T00:00:00Z",
      "count": 1,
      "uniques": 1
    },
    {
      "timestamp": "2023-10-04T00:00:00Z",
      "count": 29,
      "uniques": 2
    },
    {
      "timestamp": "2023-10-06T00:00:00Z",
      "count": 26,
      "uniques": 4
    },
    {
      "timestamp": "2023-10-08T00:00:00Z",
      "count": 6,
      "uniques": 2
    },
    {
      "timestamp": "2023-10-09T00:00:00Z",
      "count": 33,
      "uniques": 5
    },
    {
      "timestamp": "2023-10-10T00:00:00Z",
      "count": 161,
      "uniques": 5
    },
    {
      "timestamp": "2023-10-11T00:00:00Z",
      "count": 22,
      "uniques": 6
    },
    {
      "timestamp": "2023-10-12T00:00:00Z",
      "count": 186,
      "uniques": 2
    },
    {
      "timestamp": "2023-10-13T00:00:00Z",
      "count": 27,
      "uniques": 5
    },
    {
      "timestamp": "2023-10-15T00:00:00Z",
      "count": 3,
      "uniques": 1
    },
    {
      "timestamp": "2023-10-17T00:00:00Z",
      "count": 15,
      "uniques": 4
    }
  ]
}
