{
  "count": 331,
  "uniques": 22,
  "clones": [
    {
      "timestamp": "2022-10-03T00:00:00Z",
      "count": 66,
      "uniques": 3
    },
    {
      "timestamp": "2022-10-04T00:00:00Z",
      "count": 7,
      "uniques": 3
    },
    {
      "timestamp": "2022-10-05T00:00:00Z",
      "count": 33,
      "uniques": 3
    },
    {
      "timestamp": "2022-10-06T00:00:00Z",
      "count": 41,
      "uniques": 5
    },
    {
      "timestamp": "2022-10-07T00:00:00Z",
      "count": 38,
      "uniques": 3
    },
    {
      "timestamp": "2022-10-08T00:00:00Z",
      "count": 9,
      "uniques": 4
    },
    {
      "timestamp": "2022-10-09T00:00:00Z",
      "count": 3,
      "uniques": 2
    },
    {
      "timestamp": "2022-10-10T00:00:00Z",
      "count": 32,
      "uniques": 5
    },
    {
      "timestamp": "2022-10-11T00:00:00Z",
      "count": 45,
      "uniques": 7
    },
    {
      "timestamp": "2022-10-12T00:00:00Z",
      "count": 43,
      "uniques": 8
    },
    {
      "timestamp": "2022-10-13T00:00:00Z",
      "count": 8,
      "uniques": 4
    },
    {
      "timestamp": "2022-10-14T00:00:00Z",
      "count": 6,
      "uniques": 2
    }
  ]
}
