[
  {
    "path": "/BoothGroup/Vayesta/pulls",
    "title": "Pull requests · BoothGroup/Vayesta",
    "count": 131,
    "uniques": 4
  },
  {
    "path": "/BoothGroup/Vayesta",
    "title": "GitHub - BoothGroup/Vayesta: A Python package for wave function-based quantum...",
    "count": 116,
    "uniques": 14
  },
  {
    "path": "/BoothGroup/Vayesta/pull/49",
    "title": "CAS update+RIRPA floating point overflows by cjcscott · Pull Request #49 · Bo...",
    "count": 59,
    "uniques": 3
  },
  {
    "path": "/BoothGroup/Vayesta/pull/52",
    "title": "Fix bug in UHF 2dm cumulant by basilib · Pull Request #52 · BoothGroup/Vayesta",
    "count": 23,
    "uniques": 7
  },
  {
    "path": "/BoothGroup/Vayesta/actions",
    "title": "Actions · BoothGroup/Vayesta",
    "count": 18,
    "uniques": 4
  },
  {
    "path": "/BoothGroup/Vayesta/tree/dev",
    "title": "BoothGroup/Vayesta at dev",
    "count": 16,
    "uniques": 2
  },
  {
    "path": "/BoothGroup/Vayesta/pull/51",
    "title": "Generalized one-body bath states added. Requires a bit more testing, … by ghb...",
    "count": 13,
    "uniques": 4
  },
  {
    "path": "/BoothGroup/Vayesta/issues",
    "title": "Issues · BoothGroup/Vayesta",
    "count": 11,
    "uniques": 3
  },
  {
    "path": "/BoothGroup/Vayesta/pull/49/files",
    "title": "CAS update+RIRPA floating point overflows by cjcscott · Pull Request #49 · Bo...",
    "count": 11,
    "uniques": 3
  },
  {
    "path": "/BoothGroup/Vayesta/pull/53",
    "title": "Merge dev branch by maxnus · Pull Request #53 · BoothGroup/Vayesta",
    "count": 11,
    "uniques": 3
  }
]
