{
  "count": 948,
  "uniques": 34,
  "views": [
    {
      "timestamp": "2022-09-30T00:00:00Z",
      "count": 28,
      "uniques": 4
    },
    {
      "timestamp": "2022-10-01T00:00:00Z",
      "count": 1,
      "uniques": 1
    },
    {
      "timestamp": "2022-10-02T00:00:00Z",
      "count": 1,
      "uniques": 1
    },
    {
      "timestamp": "2022-10-03T00:00:00Z",
      "count": 51,
      "uniques": 5
    },
    {
      "timestamp": "2022-10-04T00:00:00Z",
      "count": 19,
      "uniques": 4
    },
    {
      "timestamp": "2022-10-05T00:00:00Z",
      "count": 155,
      "uniques": 7
    },
    {
      "timestamp": "2022-10-06T00:00:00Z",
      "count": 165,
      "uniques": 9
    },
    {
      "timestamp": "2022-10-07T00:00:00Z",
      "count": 160,
      "uniques": 8
    },
    {
      "timestamp": "2022-10-08T00:00:00Z",
      "count": 12,
      "uniques": 7
    },
    {
      "timestamp": "2022-10-09T00:00:00Z",
      "count": 11,
      "uniques": 7
    },
    {
      "timestamp": "2022-10-10T00:00:00Z",
      "count": 67,
      "uniques": 6
    },
    {
      "timestamp": "2022-10-11T00:00:00Z",
      "count": 71,
      "uniques": 4
    },
    {
      "timestamp": "2022-10-12T00:00:00Z",
      "count": 112,
      "uniques": 4
    },
    {
      "timestamp": "2022-10-13T00:00:00Z",
      "count": 79,
      "uniques": 3
    },
    {
      "timestamp": "2022-10-14T00:00:00Z",
      "count": 16,
      "uniques": 4
    }
  ]
}
