{
  "count": 115,
  "uniques": 7,
  "clones": [
    {
      "timestamp": "2023-04-01T00:00:00Z",
      "count": 5,
      "uniques": 2
    },
    {
      "timestamp": "2023-04-02T00:00:00Z",
      "count": 5,
      "uniques": 2
    },
    {
      "timestamp": "2023-04-03T00:00:00Z",
      "count": 13,
      "uniques": 2
    },
    {
      "timestamp": "2023-04-04T00:00:00Z",
      "count": 6,
      "uniques": 3
    },
    {
      "timestamp": "2023-04-05T00:00:00Z",
      "count": 5,
      "uniques": 2
    },
    {
      "timestamp": "2023-04-06T00:00:00Z",
      "count": 4,
      "uniques": 1
    },
    {
      "timestamp": "2023-04-07T00:00:00Z",
      "count": 7,
      "uniques": 4
    },
    {
      "timestamp": "2023-04-08T00:00:00Z",
      "count": 5,
      "uniques": 2
    },
    {
      "timestamp": "2023-04-09T00:00:00Z",
      "count": 5,
      "uniques": 2
    },
    {
      "timestamp": "2023-04-10T00:00:00Z",
      "count": 4,
      "uniques": 1
    },
    {
      "timestamp": "2023-04-11T00:00:00Z",
      "count": 7,
      "uniques": 3
    },
    {
      "timestamp": "2023-04-12T00:00:00Z",
      "count": 8,
      "uniques": 1
    },
    {
      "timestamp": "2023-04-13T00:00:00Z",
      "count": 29,
      "uniques": 2
    },
    {
      "timestamp": "2023-04-14T00:00:00Z",
      "count": 12,
      "uniques": 1
    }
  ]
}
