[
  {
    "path": "/BoothGroup/Vayesta",
    "title": "GitHub - BoothGroup/Vayesta: A Python package for wave function-based quantum...",
    "count": 55,
    "uniques": 20
  },
  {
    "path": "/BoothGroup/Vayesta/pulls",
    "title": "Pull requests · BoothGroup/Vayesta · GitHub",
    "count": 51,
    "uniques": 9
  },
  {
    "path": "/BoothGroup/Vayesta/pull/69",
    "title": "Added to_cisdtq functionality to RFCI wave function types for extract… by ghb...",
    "count": 45,
    "uniques": 9
  },
  {
    "path": "/BoothGroup/Vayesta/search",
    "title": "Search · active_orbitals",
    "count": 19,
    "uniques": 1
  },
  {
    "path": "/BoothGroup/Vayesta/pull/65",
    "title": "V1.0.2 by maxnus · Pull Request #65 · BoothGroup/Vayesta",
    "count": 15,
    "uniques": 2
  },
  {
    "path": "/BoothGroup/Vayesta/issues",
    "title": "Issues · BoothGroup/Vayesta · GitHub",
    "count": 13,
    "uniques": 7
  },
  {
    "path": "/BoothGroup/Vayesta/issues/83",
    "title": "Test failures UHF AFM states · Issue #83 · BoothGroup/Vayesta",
    "count": 12,
    "uniques": 5
  },
  {
    "path": "/BoothGroup/Vayesta/pull/84",
    "title": "Remove initial guess for FCI test on dissociated, spin-symmetry-broken H2 tes...",
    "count": 11,
    "uniques": 3
  },
  {
    "path": "/BoothGroup/Vayesta/pull/69/files/6c04deec90032c4d484e2de028a7efb8eeeb5899",
    "title": "Added to_cisdtq functionality to RFCI wave function types for extract… by ghb...",
    "count": 9,
    "uniques": 2
  },
  {
    "path": "/BoothGroup/Vayesta/tree/master/vayesta/core",
    "title": "Vayesta/vayesta/core at master · BoothGroup/Vayesta",
    "count": 7,
    "uniques": 3
  }
]
