{
  "count": 489,
  "uniques": 28,
  "views": [
    {
      "timestamp": "2023-03-31T00:00:00Z",
      "count": 19,
      "uniques": 6
    },
    {
      "timestamp": "2023-04-03T00:00:00Z",
      "count": 115,
      "uniques": 9
    },
    {
      "timestamp": "2023-04-04T00:00:00Z",
      "count": 27,
      "uniques": 4
    },
    {
      "timestamp": "2023-04-05T00:00:00Z",
      "count": 23,
      "uniques": 7
    },
    {
      "timestamp": "2023-04-06T00:00:00Z",
      "count": 31,
      "uniques": 4
    },
    {
      "timestamp": "2023-04-09T00:00:00Z",
      "count": 2,
      "uniques": 1
    },
    {
      "timestamp": "2023-04-10T00:00:00Z",
      "count": 15,
      "uniques": 5
    },
    {
      "timestamp": "2023-04-11T00:00:00Z",
      "count": 35,
      "uniques": 7
    },
    {
      "timestamp": "2023-04-12T00:00:00Z",
      "count": 127,
      "uniques": 5
    },
    {
      "timestamp": "2023-04-13T00:00:00Z",
      "count": 71,
      "uniques": 6
    },
    {
      "timestamp": "2023-04-14T00:00:00Z",
      "count": 24,
      "uniques": 3
    }
  ]
}
