{
  "count": 140,
  "uniques": 24,
  "clones": [
    {
      "timestamp": "2023-04-16T00:00:00Z",
      "count": 12,
      "uniques": 2
    },
    {
      "timestamp": "2023-04-17T00:00:00Z",
      "count": 40,
      "uniques": 13
    },
    {
      "timestamp": "2023-04-18T00:00:00Z",
      "count": 5,
      "uniques": 2
    },
    {
      "timestamp": "2023-04-19T00:00:00Z",
      "count": 26,
      "uniques": 5
    },
    {
      "timestamp": "2023-04-20T00:00:00Z",
      "count": 7,
      "uniques": 2
    },
    {
      "timestamp": "2023-04-21T00:00:00Z",
      "count": 5,
      "uniques": 2
    },
    {
      "timestamp": "2023-04-22T00:00:00Z",
      "count": 5,
      "uniques": 2
    },
    {
      "timestamp": "2023-04-23T00:00:00Z",
      "count": 6,
      "uniques": 3
    },
    {
      "timestamp": "2023-04-24T00:00:00Z",
      "count": 7,
      "uniques": 4
    },
    {
      "timestamp": "2023-04-25T00:00:00Z",
      "count": 7,
      "uniques": 4
    },
    {
      "timestamp": "2023-04-26T00:00:00Z",
      "count": 5,
      "uniques": 2
    },
    {
      "timestamp": "2023-04-27T00:00:00Z",
      "count": 5,
      "uniques": 2
    },
    {
      "timestamp": "2023-04-28T00:00:00Z",
      "count": 5,
      "uniques": 2
    },
    {
      "timestamp": "2023-04-29T00:00:00Z",
      "count": 5,
      "uniques": 2
    }
  ]
}
