[
  {
    "path": "/BoothGroup/Vayesta",
    "title": "GitHub - BoothGroup/Vayesta: A Python package for wave function-based quantum...",
    "count": 51,
    "uniques": 24
  },
  {
    "path": "/BoothGroup/Vayesta/pulls",
    "title": "Pull requests · BoothGroup/Vayesta",
    "count": 21,
    "uniques": 6
  },
  {
    "path": "/BoothGroup/Vayesta/tree/master/vayesta",
    "title": "Vayesta/vayesta at master · BoothGroup/Vayesta · GitHub",
    "count": 18,
    "uniques": 7
  },
  {
    "path": "/BoothGroup/Vayesta/pull/85",
    "title": "Fix fci init_guess by cjcscott · Pull Request #85 · BoothGroup/Vayesta",
    "count": 13,
    "uniques": 3
  },
  {
    "path": "/BoothGroup/Vayesta/search",
    "title": "Search · trafo · GitHub",
    "count": 13,
    "uniques": 3
  },
  {
    "path": "/BoothGroup/Vayesta/issues",
    "title": "Issues · BoothGroup/Vayesta",
    "count": 11,
    "uniques": 3
  },
  {
    "path": "/BoothGroup/Vayesta/tree/master/examples",
    "title": "Vayesta/examples at master · BoothGroup/Vayesta · GitHub",
    "count": 7,
    "uniques": 5
  },
  {
    "path": "/BoothGroup/Vayesta/commits/master",
    "title": "Commits · BoothGroup/Vayesta · GitHub",
    "count": 6,
    "uniques": 3
  },
  {
    "path": "/BoothGroup/Vayesta/discussions/74",
    "title": "Active space transformations · BoothGroup/Vayesta · Discussion #74 · GitHub",
    "count": 6,
    "uniques": 3
  },
  {
    "path": "/BoothGroup/Vayesta/blob/master/vayesta/lattmod/latt.py",
    "title": "Vayesta/latt.py at master · BoothGroup/Vayesta · GitHub",
    "count": 6,
    "uniques": 2
  }
]
