{
  "count": 333,
  "uniques": 29,
  "views": [
    {
      "timestamp": "2023-04-16T00:00:00Z",
      "count": 65,
      "uniques": 5
    },
    {
      "timestamp": "2023-04-17T00:00:00Z",
      "count": 28,
      "uniques": 5
    },
    {
      "timestamp": "2023-04-18T00:00:00Z",
      "count": 38,
      "uniques": 3
    },
    {
      "timestamp": "2023-04-19T00:00:00Z",
      "count": 35,
      "uniques": 7
    },
    {
      "timestamp": "2023-04-20T00:00:00Z",
      "count": 7,
      "uniques": 1
    },
    {
      "timestamp": "2023-04-21T00:00:00Z",
      "count": 12,
      "uniques": 4
    },
    {
      "timestamp": "2023-04-22T00:00:00Z",
      "count": 1,
      "uniques": 1
    },
    {
      "timestamp": "2023-04-23T00:00:00Z",
      "count": 12,
      "uniques": 1
    },
    {
      "timestamp": "2023-04-24T00:00:00Z",
      "count": 17,
      "uniques": 3
    },
    {
      "timestamp": "2023-04-25T00:00:00Z",
      "count": 73,
      "uniques": 12
    },
    {
      "timestamp": "2023-04-26T00:00:00Z",
      "count": 26,
      "uniques": 6
    },
    {
      "timestamp": "2023-04-27T00:00:00Z",
      "count": 2,
      "uniques": 1
    },
    {
      "timestamp": "2023-04-28T00:00:00Z",
      "count": 17,
      "uniques": 2
    }
  ]
}
